<?xml version="1.0" encoding="utf-8"?>
<resources>
    <!--Default-->
    <color name="colorPrimary">#FFFFFF</color>
    <color name="colorPrimaryDark">#666666</color>
    <color name="colorPrimaryDark_23">#e8e8e8</color>
    <color name="colorAccent">#b2b2b2</color>

    <!--Theme-->
    <color name="themeColor_taki">#67B5E6</color>
    <color name="theme_dark_color_taki">#70A3B4</color>

    <color name="themeColor_mistuha">#EF7265</color>
    <color name="theme_dark_color_mistuha">#b3371f</color>

    <color name="themeColor_custom_default">#8BC34A</color>
    <color name="theme_dark_color_custom_default">#388E3C</color>

    <!--Button-->
    <color name="button_boarder_color">#cccccc</color>
    <color name="button_text_color">#b2b2b2</color>
    <color name="button_text_color_p">#ffffff</color>
    <color name="button_disable_color">#9D9FA2</color>

    <!--ImageButton-->
    <color name="imagebutton_hint_color">#b2b2b2</color>


    <!--Main-->
    <color name="topic_divider">#CACACA</color>

    <!--Memo-->
    <color name="memo_icon_tint">#718698</color>

    <!--entries-->

    <!--diary-->
    <color name="diary_photo_layout_delete_bg">#003400</color>
    <color name="diary_photo_layout_boarder">#e6e6e6</color>

    <!--radio_button-->
    <color name="radio_button_unselected_color">@android:color/transparent</color>


    <!--My diary custom button-->
    <color name="custom_button_disable_bg_color">#E1E2E3</color>

    <!--dialog-->
    <color name="edittext_hint">#d4d2d4</color>

    <!--Edittext-->
    <color name="edit_stroke">#CACACA</color>
    <color name="edit_content_background">#ffffff</color>

    <!--Textview-->
    <color name="textview_shadow">#000000</color>
    <color name="textview_hint">#d4d2d4</color>

    <!--Contacts-->
    <color name="contacts_photo_tint">#AFABAE</color>
    <color name="contacts_latter_text">#f9f9f9</color>
    <color name="contacts_latter_text_shadow">#949494</color>

    <!--Setting-->
    <color name="setting_hint_text_color">#828282</color>

    <!--Backup-->
    <color name="backup_hint_text_color">#828282</color>

    <!--OOBE-->
    <color name="OOBE_bg_color">#e570A3B4</color>


</resources>
